{
  "resource_pack_name": "vanilla",
  "texture_name": "atlas.items",
  "texture_data": {
    "egg_camel": {
      "textures": "textures/items/egg_camel"
    },
    "egg_lion": {
      "textures": "textures/items/egg_lion"
    },
    "egg_penguin": {
      "textures": "textures/items/egg_penguin"
    },
    "egg_tiger": {
      "textures": "textures/items/egg_tiger"
    },
    "egg_elephant": {
      "textures": "textures/items/egg_elephant"
    },
    "egg_deer": {
      "textures": "textures/items/egg_deer"
    },
    "egg_panther": {
      "textures": "textures/items/egg_panther"
    },
    "egg_frog": {
      "textures": "textures/items/egg_frog"
    },
    "egg_crocodile": {
      "textures": "textures/items/egg_crocodile"
    },
    "egg_mouse": {
      "textures": "textures/items/egg_mouse"
    },
    "gallardo": {
      "textures": "textures/items/gallardo"
    },
    "bench": {
      "textures": "textures/items/bench"
    },
    "christmas_tree": {
      "textures": "textures/items/christmas_tree"
    },
    "tivi": {
      "textures": "textures/items/tivi"
    },
    "closet": {
      "textures": "textures/items/closet"
    },
    "laptop": {
      "textures": "textures/items/laptop"
    },
    "piano": {
      "textures": "textures/items/piano"
    },
    "armchairs": {
      "textures": "textures/items/armchairs"
    },
    "chair": {
      "textures": "textures/items/chair"
    },
    "big_table": {
      "textures": "textures/items/big_table"
    },
    "small_table": {
      "textures": "textures/items/small_table"
    },
    "drone": {
      "textures": "textures/items/drone"
    },
    "colorful_gifts": {
      "textures": "textures/items/colorful_gifts"
    },
    "pa_s_4": {
      "textures": "textures/items/pamobile/pa_s_4"
    },
    "pa_s_0": {
      "textures": "textures/items/pamobile/pa_s_0"
    },
    "pa_s_1": {
      "textures": "textures/items/pamobile/pa_s_1"
    },
    "pa_s_7": {
      "textures": "textures/items/pamobile/pa_s_7"
    },
    "pa_s_2": {
      "textures": "textures/items/pamobile/pa_s_2"
    },
    "pa_s_3": {
      "textures": "textures/items/pamobile/pa_s_3"
    },
    "pa_s_6": {
      "textures": "textures/items/pamobile/pa_s_6"
    },
    "pa_s_5": {
      "textures": "textures/items/pamobile/pa_s_5"
    },
    "pa_s_9": {
      "textures": "textures/items/pamobile/pa_s_9"
    },
    "pa_s_8": {
      "textures": "textures/items/pamobile/pa_s_8"
    },
    "pa_banana": {
      "textures": "textures/items/pamobile/banana"
    },
    "pa_fugu": {
      "textures": "textures/items/pamobile/fugu"
    }
  }
}