{
    "format_version": "1.8.0",
    "geometry.villager.witch.v1.8:geometry.villager.v1.8": {
      "visible_bounds_width": 1.5,
      "visible_bounds_height": 3,
      "visible_bounds_offset": [ 0, 1.5, 0 ],
      "texturewidth": 64,
      "textureheight": 128,
      "bones": [
        {
          "name": "nose",
          "parent": "head",
          "cubes": [
            {
              "origin": [ 0.0, 25.0, -6.75 ],
              "size": [ 1, 1, 1 ],
              "uv": [ 0, 0 ],
              "inflate": -0.25
            }
          ]
        },
        {
          "name": "hat",
          "parent": "head",
          "pivot": [ -5, 32.03125, -5 ],
          "cubes": [
            {
              "origin": [ -5, 32.05, -5 ],
              "size": [ 10, 2, 10 ],
              "uv": [ 0, 64 ]
            }
          ]
        },
        {
          "name": "hat2",
          "parent": "hat",
          "pivot": [ 1.75, 32, 2 ],
          "cubes": [
            {
              "origin": [ -3.25, 33.5, -3 ],
              "size": [ 7, 4, 7 ],
              "uv": [ 0, 76 ]
            }
          ],
          "rotation": [ -3, 0, 1.5 ]
        },
        {
          "name": "hat3",
          "parent": "hat2",
          "pivot": [ 1.75, 35, 2 ],
          "cubes": [
            {
              "origin": [ -1.5, 36.5, -1 ],
              "size": [ 4, 4, 4 ],
              "uv": [ 0, 87 ]
            }
          ],
          "rotation": [ -6, 0, 3 ]
        },
        {
          "name": "hat4",
          "parent": "hat3",
          "pivot": [ 1.75, 38, 2 ],
          "cubes": [
            {
              "origin": [ 0.25, 40, 1 ],
              "size": [ 1, 2, 1 ],
              "uv": [ 0, 95 ],
              "inflate": 0.25
            }
          ],
          "rotation": [ -12, 0, 6 ]
        }
      ]
    }
  }