{
  "format_version": "1.12",
  "minecraft:recipe_shaped": {
    "description": {
      "identifier": "s_8_ebdc5b1e"
    },
    "tags": [
      "crafting_table"
    ],
    "pattern": [
      " AB",
      "CBA",
      "DC "
    ],
    "key": {
      "A": {
        "item": "minecraft:blaze_rod",
        "data": 0
      },
      "B": {
        "item": "minecraft:emerald_block",
        "data": 0
      },
      "C": {
        "item": "minecraft:blaze_powder",
        "data": 0
      },
      "D": {
        "item": "pa:s_7",
        "data": 0
      }
    },
    "result": {
      "item": "pa:s_8",
      "count": 1
    }
  }
}