{
  "format_version": "1.12",
  "minecraft:recipe_shaped": {
    "description": {
      "identifier": "s_6_232b702b"
    },
    "tags": [
      "crafting_table"
    ],
    "pattern": [
      " AB",
      "CBA",
      "DC "
    ],
    "key": {
      "A": {
        "item": "minecraft:diamond",
        "data": 0
      },
      "B": {
        "item": "minecraft:amethyst_shard",
        "data": 0
      },
      "C": {
        "item": "minecraft:iron_ingot",
        "data": 0
      },
      "D": {
        "item": "pa:s_5",
        "data": 0
      }
    },
    "result": {
      "item": "pa:s_6",
      "count": 1
    }
  }
}