{
  "format_version": "1.12",
  "minecraft:recipe_shaped": {
    "description": {
      "identifier": "s_3_2fad8582"
    },
    "tags": [
      "crafting_table"
    ],
    "pattern": [
      "ACA",
      "ABA",
      "AAA"
    ],
    "key": {
      "C": {
        "item": "minecraft:iron_block",
        "data": 0
      },
      "B": {
        "item": "pa:s_2",
        "data": 0
      },
      "A": {
        "item": "pa:banana",
        "data": 0
      }
    },
    "result": {
      "item": "pa:s_3",
      "count": 1
    }
  }
}