{
  "format_version": "1.12",
  "minecraft:recipe_shaped": {
    "description": {
      "identifier": "s_5_65faba4f"
    },
    "tags": [
      "crafting_table"
    ],
    "pattern": [
      "ABC",
      "DCE",
      "FD "
    ],
    "key": {
      "A": {
        "item": "minecraft:bucket",
        "data": 8
      },
      "B": {
        "item": "minecraft:diamond",
        "data": 0
      },
      "C": {
        "item": "minecraft:gold_block",
        "data": 0
      },
      "D": {
        "item": "minecraft:copper_block",
        "data": 0
      },
      "E": {
        "item": "minecraft:iron_block",
        "data": 0
      },
      "F": {
        "item": "pa:s_4",
        "data": 0
      }
    },
    "result": {
      "item": "pa:s_5",
      "count": 1
    }
  }
}