{
  "format_version": "1.12",
  "minecraft:recipe_shaped": {
    "description": {
      "identifier": "s_4_a0001a5e"
    },
    "tags": [
      "crafting_table"
    ],
    "pattern": [
      "DAB",
      "DBA",
      "CDD"
    ],
    "key": {
      "A": {
        "item": "minecraft:bucket",
        "data": 10
      },
      "B": {
        "item": "minecraft:magma",
        "data": 0
      },
      "C": {
        "item": "pa:s_1",
        "data": 0
      },
      "D": {
        "item": "pa:fugu",
        "data": 0
      }
    },
    "result": {
      "item": "pa:s_4",
      "count": 1
    }
  }
}