{
  "format_version": "1.8.0",
  "minecraft:entity": {
    "description": {
      "identifier": "minecraft:elder_guardian",
      "is_spawnable": true,
      "is_summonable": true,
      "is_experimental": false
    },
    "components": {
      "minecraft:collision_box": {
        "height": 1.99,
        "width": 1.99
      },
      "minecraft:nameable": {
        "alwaysShow": false,
        "allowNameTagRenaming": false
      },
      "minecraft:loot": {
        "table": "loot_tables/entities/elder_guardian.json"
      },
      "minecraft:navigation.generic": {
        "is_amphibious": true,
        "can_path_over_water": false,
        "can_swim": true,
        "can_walk": false,
        "can_breach": true
      },
      "minecraft:movement.sway": {},
      "minecraft:jump.static": {},
      "minecraft:health": {
        "value": 1000
      },
      "minecraft:movement": {
        "value": 0.3
      },
      "minecraft:underwater_movement": {
        "value": 0.3
      },
      "minecraft:attack": {
        "damage": 10
      },
      "minecraft:follow_range": {
        "value": 16,
        "max": 16
      },
      "minecraft:behavior.nearest_attackable_target": {
        "priority": 1,
        "entity_types": [
          {
            "filters": {
              "any_of": [
                {
                  "test": "is_family",
                  "subject": "other",
                  "value": "player"
                },
                {
                  "test": "is_family",
                  "subject": "other",
                  "value": "squid"
                }
              ]
            },
            "max_dist": 16.0,
            "must_see": false
          }
        ],
        "attack_interval_min": 1.0,
        "must_see": false,
        "within_radius": 0.0,
        "must_reach": false
      },
      "minecraft:behavior.guardian_attack": {
        "priority": 4
      },
      "minecraft:behavior.move_towards_restriction": {
        "priority": 5,
        "speed_multiplier": 1.0,
        "control_flags": [
          "move",
          "look"
        ]
      },
      "minecraft:behavior.random_stroll": {
        "priority": 7,
        "speed_multiplier": 0.5
      },
      "minecraft:behavior.look_at_player": {
        "priority": 8,
        "look_distance": 12.0,
        "probability": 0.01
      },
      "minecraft:behavior.random_look_around": {
        "priority": 9
      },
      "minecraft:type_family": {
        "family": [
          "guardian_elder",
          "monster"
        ]
      },
      "minecraft:physics": {},
      "minecraft:experience_reward": {
        "on_death": "query.last_hit_by_player ? 10 : 0"
      },
      "minecraft:scale": {
        "value": 1
      },
      "minecraft:behavior.melee_attack": {
        "priority": 2,
        "speed_multiplier": 1.0,
        "target_dist": 0.0,
        "max_dist": 3,
        "random_stop_interval": 100,
        "track_target": false,
        "reach_multiplier": 1.4
      },
      "minecraft:behavior.hurt_by_target": {
        "priority": 3
      },
      "minecraft:behavior.owner_hurt_by_target": {
        "priority": 1
      },
      "minecraft:behavior.owner_hurt_target": {
        "priority": 2
      },
      "minecraft:boss": {
        "should_darken_sky": false,
        "hud_range": 8
      }
    },
    "events": {
      "on:death": {
        "run_command": {
          "command": []
        }
      },
      "on:hurt": {
        "run_command": {
          "command": []
        }
      },
      "on:hurt_by_player": {
        "run_command": {
          "command": []
        }
      },
      "on:ignite": {
        "run_command": {
          "command": []
        }
      },
      "on:target_acquired": {
        "run_command": {
          "command": []
        }
      },
      "on:target_escape": {
        "run_command": {
          "command": []
        }
      },
      "on:wake_with_owner": {
        "run_command": {
          "command": []
        }
      }
    },
    "component_groups": null
  }
}