{
  "format_version": "1.8.0",
  "minecraft:entity": {
    "description": {
      "identifier": "minecraft:guardian",
      "is_spawnable": true,
      "is_summonable": true,
      "is_experimental": false
    },
    "component_groups": {
      "minecraft:guardian_aggressive": {
        "minecraft:behavior.nearest_attackable_target": {
          "priority": 1,
          "entity_types": [
            {
              "filters": {
                "any_of": [
                  {
                    "test": "is_family",
                    "subject": "other",
                    "value": "player"
                  },
                  {
                    "test": "is_family",
                    "subject": "other",
                    "value": "squid"
                  }
                ]
              },
              "max_dist": 16.0,
              "must_see": false
            }
          ],
          "attack_interval_min": 1.0,
          "must_see": false,
          "within_radius": 0.0,
          "must_reach": false
        },
        "minecraft:target_nearby_sensor": {
          "inside_range": 3.0,
          "outside_range": 4.0,
          "on_inside_range": {
            "event": "minecraft:target_too_close",
            "target": "self"
          }
        },
        "minecraft:behavior.guardian_attack": {
          "priority": 4
        }
      },
      "minecraft:guardian_passive": {
        "minecraft:timer": {
          "time": [
            1,
            3
          ],
          "looping": false,
          "time_down_event": {
            "event": "minecraft:target_far_enough",
            "target": "self"
          }
        },
        "minecraft:behavior.avoid_mob_type": {
          "priority": 1,
          "entity_types": [
            {
              "filters": {
                "test": "is_family",
                "subject": "other",
                "value": "player"
              },
              "max_dist": 8,
              "walk_speed_multiplier": 1,
              "sprint_speed_multiplier": 1
            }
          ]
        }
      }
    },
    "components": {
      "minecraft:nameable": {
        "alwaysShow": false,
        "allowNameTagRenaming": false
      },
      "minecraft:collision_box": {
        "height": 0.85,
        "width": 0.85
      },
      "minecraft:health": {
        "value": 100,
        "max": 100
      },
      "minecraft:movement": {
        "value": 0.12
      },
      "minecraft:underwater_movement": {
        "value": 0.12
      },
      "minecraft:attack": {
        "damage": 8
      },
      "minecraft:follow_range": {
        "value": 16,
        "max": 16
      },
      "minecraft:navigation.generic": {
        "is_amphibious": true,
        "can_path_over_water": false,
        "can_swim": true,
        "can_walk": false,
        "can_breach": true
      },
      "minecraft:movement.sway": {},
      "minecraft:jump.static": {},
      "minecraft:loot": {
        "table": "loot_tables/entities/guardian.json"
      },
      "minecraft:behavior.nearest_attackable_target": {
        "priority": 1,
        "entity_types": [
          {
            "filters": {
              "any_of": [
                {
                  "test": "is_family",
                  "subject": "other",
                  "value": "player"
                },
                {
                  "test": "is_family",
                  "subject": "other",
                  "value": "squid"
                }
              ]
            },
            "max_dist": 16.0,
            "must_see": false
          }
        ],
        "attack_interval_min": 1.0,
        "must_see": false,
        "within_radius": 0.0,
        "must_reach": false
      },
      "minecraft:target_nearby_sensor": {
        "inside_range": 3.0,
        "outside_range": 4.0,
        "on_inside_range": {
          "event": "minecraft:target_too_close",
          "target": "self"
        }
      },
      "minecraft:behavior.guardian_attack": {
        "priority": 4
      },
      "minecraft:behavior.move_towards_restriction": {
        "priority": 5,
        "speed_multiplier": 1.0,
        "control_flags": [
          "move",
          "look"
        ]
      },
      "minecraft:behavior.random_stroll": {
        "priority": 7,
        "speed_multiplier": 1.0,
        "interval": 80
      },
      "minecraft:behavior.look_at_player": {
        "priority": 8,
        "look_distance": 12.0,
        "probability": 0.01
      },
      "minecraft:behavior.random_look_around": {
        "priority": 9
      },
      "minecraft:type_family": {
        "family": [
          "guardian",
          "monster"
        ]
      },
      "minecraft:physics": {},
      "minecraft:experience_reward": {
        "on_death": "query.last_hit_by_player ? 10 : 0"
      },
      "minecraft:scale": {
        "value": 1
      },
      "minecraft:behavior.melee_attack": {
        "priority": 2,
        "speed_multiplier": 1.0,
        "target_dist": 0.0,
        "max_dist": 3,
        "random_stop_interval": 100,
        "track_target": false,
        "reach_multiplier": 1.4
      },
      "minecraft:behavior.hurt_by_target": {
        "priority": 3
      },
      "minecraft:behavior.owner_hurt_by_target": {
        "priority": 1
      },
      "minecraft:behavior.owner_hurt_target": {
        "priority": 2
      },
      "minecraft:boss": {
        "should_darken_sky": false,
        "hud_range": 8,
        "name": "ぼぶうお"
      }
    },
    "events": {
      "minecraft:target_too_close": {
        "remove": {
          "component_groups": [
            "minecraft:guardian_aggressive"
          ]
        },
        "add": {
          "component_groups": [
            "minecraft:guardian_passive"
          ]
        }
      },
      "minecraft:target_far_enough": {
        "remove": {
          "component_groups": [
            "minecraft:guardian_passive"
          ]
        },
        "add": {
          "component_groups": [
            "minecraft:guardian_aggressive"
          ]
        }
      },
      "on:death": {
        "run_command": {
          "command": []
        }
      },
      "on:hurt": {
        "run_command": {
          "command": []
        }
      },
      "on:hurt_by_player": {
        "run_command": {
          "command": []
        }
      },
      "on:ignite": {
        "run_command": {
          "command": []
        }
      },
      "on:target_acquired": {
        "run_command": {
          "command": []
        }
      },
      "on:target_escape": {
        "run_command": {
          "command": []
        }
      },
      "on:wake_with_owner": {
        "run_command": {
          "command": []
        }
      }
    }
  }
}