{
	"format_version": "1.16.100",
	"minecraft:item": {
		"description": {
			"category": "Equipment",
			"identifier": "pa:fugu"
		},
		"components": {
			"minecraft:icon": {
				"texture": "pa_fugu"
			},
			"minecraft:use_duration": 1.6,
			"minecraft:use_animation": "drink",
			"minecraft:render_offsets": "flesh",
			"minecraft:food": {
				"nutrition": 0,
				"can_always_eat": true,
				"saturation_modifier": "low",
				"on_consume": {
					"event": "eat_fugu"
				}
			}
		},
		"events":{
			"eat_fugu": {
				"sequence": [
					{
						"add_mob_effect": {
							"effect": "strength",
							"target": "self",
							"duration": 300,
							"amplifier": 1
						}
					},
					{
						"add_mob_effect": {
							"effect": "regeneration",
							"target": "self",
							"duration": 120,
							"amplifier": 2
						}
					},
					{
						"add_mob_effect": {
							"effect": "night_vision",
							"target": "self",
							"duration": 300,
							"amplifier": 1
						}
					},
					{
						"add_mob_effect": {
							"effect": "poison",
							"target": "self",
							"duration": 120,
							"amplifier": 1
						}
					},
					{
						"add_mob_effect": {
							"effect": "nausea",
							"target": "self",
							"duration": 15,
							"amplifier": 10
						}
					}
				]
			}
		}
	}
}
